{"Dead Man's Plate":{"Win Rate":0.0,"Pick Rate":33.33333333333333,"Shen":{"Win Rate":0.0,"Pick Rate":16.666666666666664,"KDA":3.142857142857143},"Riven":{"Win Rate":0.0,"Pick Rate":16.666666666666664,"KDA":5.666666666666667}},"Trickster's Glass":{"Win Rate":100.0,"Pick Rate":33.33333333333333,"Teemo":{"Win Rate":100.0,"Pick Rate":16.666666666666664,"KDA":2.0},"Zilean":{"Win Rate":100.0,"Pick Rate":16.666666666666664,"KDA":3.4}},"Puppeteer":{"Ashe":{"Win Rate":0.0,"Pick Rate":16.666666666666664,"KDA":4.75},"Win Rate":50.0,"Sona":{"Win Rate":100.0,"Pick Rate":16.666666666666664,"KDA":2.7},"Pick Rate":33.33333333333333},"Martyr's Gambit":{"Nautilus":{"Win Rate":0.0,"Pick Rate":16.666666666666664,"KDA":2.642857142857143},"Garen":{"Win Rate":100.0,"Pick Rate":16.666666666666664,"KDA":1.9230769230769231},"Win Rate":50.0,"Pick Rate":33.33333333333333},"Rite of Ruin":{"Win Rate":0.0,"Sona":{"Win Rate":0.0,"Pick Rate":16.666666666666664,"KDA":2.25},"Pick Rate":33.33333333333333,"Ekko":{"Win Rate":0.0,"Pick Rate":16.666666666666664,"KDA":0.9285714285714286}},"Typhoon Claws":{"Ashe":{"Win Rate":0.0,"Pick Rate":16.666666666666664,"KDA":2.7},"Win Rate":66.66666666666666,"Pick Rate":50.0,"Vayne":{"Win Rate":100.0,"Pick Rate":16.666666666666664,"KDA":2.125},"Rengar":{"Win Rate":100.0,"Pick Rate":16.666666666666664,"KDA":3.7142857142857144}},"Netherstride Grimoire":{"Ahri":{"Win Rate":100.0,"Pick Rate":16.666666666666664,"KDA":3.0},"Fizz":{"Win Rate":100.0,"Pick Rate":16.666666666666664,"KDA":1.5625},"Kayle":{"Win Rate":100.0,"Pick Rate":16.666666666666664,"KDA":1.5},"Malhazar":{"Win Rate":100.0,"Pick Rate":16.666666666666664,"KDA":4.666666666666667},"Viktor":{"Win Rate":100.0,"Pick Rate":16.666666666666664,"KDA":3.7},"Cassiopeia":{"Win Rate":0.0,"Pick Rate":16.666666666666664,"KDA":2.0},"Win Rate":62.5,"Sona":{"Win Rate":0.0,"Pick Rate":16.666666666666664,"KDA":3.4285714285714284},"Pick Rate":133.33333333333331,"Ezreal":{"Win Rate":0.0,"Pick Rate":16.666666666666664,"KDA":1.5555555555555556}},"Pox Arcana":{"Win Rate":100.0,"Pick Rate":16.666666666666664,"Annie":{"Win Rate":100.0,"Pick Rate":16.666666666666664,"KDA":3.7}},"Mirage Blade":{"Ashe":{"Win Rate":0.0,"Pick Rate":16.666666666666664,"KDA":1.3},"Graves":{"Win Rate":0.0,"Pick Rate":16.666666666666664,"KDA":2.6666666666666665},"Win Rate":0.0,"Pick Rate":50.0,"Jinx":{"Win Rate":0.0,"Pick Rate":16.666666666666664,"KDA":1.6666666666666667}}}
