{"":{"":{"Win Rate":0.0,"Pick Rate":33.33333333333333,"KDA":2.342857142857143},"Jarvan IV":{"Win Rate":0.0,"Pick Rate":16.666666666666664,"KDA":2.933333333333333},"Jax":{"Win Rate":100.0,"Pick Rate":16.666666666666664,"KDA":1.8235294117647058},"Sona":{"Win Rate":100.0,"Pick Rate":16.666666666666664,"KDA":2.923076923076923},"Swain":{"Win Rate":100.0,"Pick Rate":16.666666666666664,"KDA":1.9230769230769231},"Taric":{"Win Rate":0.0,"Pick Rate":16.666666666666664,"KDA":2.3076923076923075},"Singed":{"Win Rate":0.0,"Pick Rate":16.666666666666664,"KDA":1.3636363636363635},"Thresh":{"Win Rate":0.0,"Pick Rate":16.666666666666664,"KDA":2.076923076923077},"Karma":{"Win Rate":0.0,"Pick Rate":16.666666666666664,"KDA":2.6666666666666665},"Ahri":{"Win Rate":100.0,"Pick Rate":16.666666666666664,"KDA":2.6666666666666665},"Darius":{"Win Rate":0.0,"Pick Rate":16.666666666666664,"KDA":2.0833333333333335},"Tryndamere":{"Win Rate":0.0,"Pick Rate":16.666666666666664,"KDA":2.0},"Janna":{"Win Rate":100.0,"Pick Rate":16.666666666666664,"KDA":6.166666666666667},"Sivir":{"Win Rate":50.0,"Pick Rate":33.33333333333333,"KDA":3.8333333333333335},"Elise":{"Win Rate":100.0,"Pick Rate":33.33333333333333,"KDA":1.4640522875816995},"Vayne":{"Win Rate":0.0,"Pick Rate":16.666666666666664,"KDA":2.769230769230769},"Dr. Mundo":{"Win Rate":100.0,"Pick Rate":16.666666666666664,"KDA":4.7},"Graves":{"Win Rate":0.0,"Pick Rate":16.666666666666664,"KDA":1.6428571428571428},"Pick Rate":1000.0,"Shaco":{"Win Rate":0.0,"Pick Rate":16.666666666666664,"KDA":0.8888888888888888},"Renekton":{"Win Rate":100.0,"Pick Rate":16.666666666666664,"KDA":2.6153846153846154},"Katarina":{"Win Rate":0.0,"Pick Rate":16.666666666666664,"KDA":1.75},"Shyvana":{"Win Rate":0.0,"Pick Rate":16.666666666666664,"KDA":2.8181818181818183},"Fizz":{"Win Rate":0.0,"Pick Rate":16.666666666666664,"KDA":1.4666666666666666},"Xin Zhao":{"Win Rate":100.0,"Pick Rate":16.666666666666664,"KDA":2.727272727272727},"Rengar":{"Win Rate":50.0,"Pick Rate":33.33333333333333,"KDA":2.208791208791209},"Ashe":{"Win Rate":100.0,"Pick Rate":33.33333333333333,"KDA":4.1875},"Pantheon":{"Win Rate":100.0,"Pick Rate":16.666666666666664,"KDA":6.0},"Kalista":{"Win Rate":100.0,"Pick Rate":33.33333333333333,"KDA":2.6022727272727275},"Vi":{"Win Rate":0.0,"Pick Rate":16.666666666666664,"KDA":1.3},"Lee Sin":{"Win Rate":100.0,"Pick Rate":16.666666666666664,"KDA":2.625},"Ezreal":{"Win Rate":0.0,"Pick Rate":33.33333333333333,"KDA":2.9},"Gnar":{"Win Rate":0.0,"Pick Rate":16.666666666666664,"KDA":2.8},"Teemo":{"Win Rate":100.0,"Pick Rate":33.33333333333333,"KDA":1.923076923076923},"Annie":{"Win Rate":0.0,"Pick Rate":16.666666666666664,"KDA":3.5},"Vel'Koz":{"Win Rate":100.0,"Pick Rate":16.666666666666664,"KDA":4.0},"Riven":{"Win Rate":66.66666666666666,"Pick Rate":50.0,"KDA":2.8648989898989896},"Aatrox":{"Win Rate":0.0,"Pick Rate":16.666666666666664,"KDA":3.6666666666666665},"Cho'Gath":{"Win Rate":100.0,"Pick Rate":16.666666666666664,"KDA":6.0},"Miss Fortune":{"Win Rate":50.0,"Pick Rate":33.33333333333333,"KDA":2.1538461538461537},"Viktor":{"Win Rate":100.0,"Pick Rate":16.666666666666664,"KDA":2.0},"Twitch":{"Win Rate":0.0,"Pick Rate":16.666666666666664,"KDA":3.0},"Heimerdinger":{"Win Rate":100.0,"Pick Rate":16.666666666666664,"KDA":4.0},"Lux":{"Win Rate":0.0,"Pick Rate":16.666666666666664,"KDA":8.5},"Alistar":{"Win Rate":50.0,"Pick Rate":33.33333333333333,"KDA":2.7083333333333335},"Nidalee":{"Win Rate":100.0,"Pick Rate":16.666666666666664,"KDA":2.1666666666666665},"Win Rate":50.0,"Zed":{"Win Rate":0.0,"Pick Rate":16.666666666666664,"KDA":1.2666666666666666},"Blitzcrank":{"Win Rate":100.0,"Pick Rate":16.666666666666664,"KDA":2.6666666666666665},"Shen":{"Win Rate":0.0,"Pick Rate":16.666666666666664,"KDA":3.4285714285714284}}}
