{"":{"Jax":{"Win Rate":52.9045643153527,"Pick Rate":9.64,"KDA":2.8125178456744884,"numGames":482.0},"Wukong":{"Win Rate":53.431372549019606,"Pick Rate":8.16,"KDA":3.5391548732649505,"numGames":408.0},"Kog'Maw":{"Win Rate":47.2636815920398,"Pick Rate":4.02,"KDA":3.155011441018905,"numGames":201.0},"Sona":{"Win Rate":53.18595578673602,"Pick Rate":15.379999999999999,"KDA":3.9957061608797093,"numGames":769.0},"Tristana":{"Win Rate":49.04270986745213,"Pick Rate":13.58,"KDA":3.283320501920518,"numGames":679.0},"Varus":{"Win Rate":53.681710213776725,"Pick Rate":8.42,"KDA":3.8025077934839633,"numGames":421.0},"Fiora":{"Win Rate":50.170648464163826,"Pick Rate":5.86,"KDA":3.1097244849553625,"numGames":293.0},"Singed":{"Win Rate":42.96875,"Pick Rate":2.56,"KDA":2.5739978771228773,"numGames":128.0},"Thresh":{"Win Rate":50.58939096267191,"Pick Rate":20.36,"KDA":3.6274199899481636,"numGames":1018.0},"Karma":{"Win Rate":50.898203592814376,"Pick Rate":3.34,"KDA":4.4651969371280735,"numGames":167.0},"Udyr":{"Win Rate":51.24999999999999,"Pick Rate":9.6,"KDA":3.121086398963237,"numGames":480.0},"Rumble":{"Win Rate":50.83798882681564,"Pick Rate":3.58,"KDA":2.954427400656452,"numGames":179.0},"Yorick":{"Win Rate":51.24999999999999,"Pick Rate":1.6,"KDA":2.986730769230769,"numGames":80.0},"Sivir":{"Win Rate":57.250470809792844,"Pick Rate":10.620000000000001,"KDA":3.782563258114672,"numGames":531.0},"Kassadin":{"Win Rate":37.850467289719624,"Pick Rate":4.279999999999999,"KDA":2.762884502284042,"numGames":214.0},"Dr. Mundo":{"Win Rate":41.46341463414634,"Pick Rate":2.46,"KDA":2.504185290770657,"numGames":123.0},"Yasuo":{"Win Rate":50.225022502250226,"Pick Rate":22.220000000000002,"KDA":2.6860711904064973,"numGames":1111.0},"Draven":{"Win Rate":50.857142857142854,"Pick Rate":7.000000000000001,"KDA":3.2120177237308223,"numGames":350.0},"Kayle":{"Win Rate":52.1613832853026,"Pick Rate":6.94,"KDA":2.8900766164200644,"numGames":347.0},"Pick Rate":999.6,"Shaco":{"Win Rate":51.776649746192895,"Pick Rate":7.88,"KDA":3.052076575077942,"numGames":394.0},"Renekton":{"Win Rate":54.65116279069767,"Pick Rate":3.44,"KDA":3.3225060644819524,"numGames":172.0},"Tahm Kench":{"Win Rate":45.0229709035222,"Pick Rate":13.059999999999999,"KDA":3.0949044719276975,"numGames":653.0},"Hecarim":{"Win Rate":55.60975609756098,"Pick Rate":4.1000000000000005,"KDA":3.4935325709680067,"numGames":205.0},"Fizz":{"Win Rate":52.1511017838405,"Pick Rate":19.06,"KDA":3.1519371822308377,"numGames":953.0},"Maokai":{"Win Rate":49.32432432432432,"Pick Rate":2.96,"KDA":3.5711806211806216,"numGames":148.0},"Lissandra":{"Win Rate":52.991452991452995,"Pick Rate":2.34,"KDA":3.4161329367638413,"numGames":117.0},"Jinx":{"Win Rate":51.73913043478261,"Pick Rate":18.4,"KDA":3.35753374258191,"numGames":920.0},"Urgot":{"Win Rate":38.63636363636363,"Pick Rate":0.88,"KDA":2.397036927718746,"numGames":44.0},"Fiddlesticks":{"Win Rate":48.05194805194805,"Pick Rate":3.08,"KDA":2.782103457509302,"numGames":154.0},"Galio":{"Win Rate":54.71698113207547,"Pick Rate":1.06,"KDA":4.163166236279444,"numGames":53.0},"Pantheon":{"Win Rate":42.79835390946502,"Pick Rate":4.859999999999999,"KDA":2.96006621407856,"numGames":243.0},"Kha'Zix":{"Win Rate":45.562130177514796,"Pick Rate":6.76,"KDA":3.0706074096650147,"numGames":338.0},"Talon":{"Win Rate":53.21100917431193,"Pick Rate":4.36,"KDA":3.0855789838871335,"numGames":218.0},"Gangplank":{"Win Rate":42.760617760617755,"Pick Rate":20.72,"KDA":2.6930928460920733,"numGames":1036.0},"Ezreal":{"Win Rate":45.294117647058826,"Pick Rate":20.4,"KDA":3.4667991341607287,"numGames":1020.0},"Gnar":{"Win Rate":48.44868735083532,"Pick Rate":8.38,"KDA":2.758130749365131,"numGames":419.0},"Teemo":{"Win Rate":52.2673031026253,"Pick Rate":16.76,"KDA":2.5145441656250798,"numGames":838.0},"Annie":{"Win Rate":51.519999999999996,"Pick Rate":12.5,"KDA":3.1145272466027234,"numGames":625.0},"Vel'Koz":{"Win Rate":47.8021978021978,"Pick Rate":3.64,"KDA":3.2350956811808467,"numGames":182.0},"Twisted Fate":{"Win Rate":49.14586070959264,"Pick Rate":15.22,"KDA":2.6224136236196176,"numGames":761.0},"Mordekaiser":{"Win Rate":57.42574257425742,"Pick Rate":2.02,"KDA":3.044538060787333,"numGames":101.0},"Riven":{"Win Rate":47.57281553398058,"Pick Rate":20.599999999999998,"KDA":2.5612562481144723,"numGames":1030.0},"Azir":{"Win Rate":50.798722044728436,"Pick Rate":6.260000000000001,"KDA":2.464773149703144,"numGames":313.0},"Kennen":{"Win Rate":58.3941605839416,"Pick Rate":2.74,"KDA":3.3362791411632107,"numGames":137.0},"Aatrox":{"Win Rate":51.307189542483655,"Pick Rate":6.12,"KDA":3.5301301220779293,"numGames":306.0},"Poppy":{"Win Rate":43.18181818181818,"Pick Rate":1.76,"KDA":2.509074132937769,"numGames":88.0},"Cho'Gath":{"Win Rate":52.77777777777778,"Pick Rate":6.4799999999999995,"KDA":3.452525650789537,"numGames":324.0},"Heimerdinger":{"Win Rate":53.779069767441854,"Pick Rate":6.88,"KDA":2.884296122159495,"numGames":344.0},"Alistar":{"Win Rate":45.56574923547401,"Pick Rate":6.54,"KDA":3.655243622580377,"numGames":327.0},"Lucian":{"Win Rate":48.466257668711656,"Pick Rate":6.52,"KDA":3.2002821990552053,"numGames":326.0},"Volibear":{"Win Rate":56.81818181818182,"Pick Rate":4.3999999999999995,"KDA":3.8599287406740617,"numGames":220.0},"Malzahar":{"Win Rate":50.617283950617285,"Pick Rate":3.2399999999999998,"KDA":3.0458801833945173,"numGames":162.0},"Sejuani":{"Win Rate":40.869565217391305,"Pick Rate":2.3,"KDA":3.6392627662192893,"numGames":115.0},"Nidalee":{"Win Rate":48.37837837837838,"Pick Rate":14.799999999999999,"KDA":2.9329056995368923,"numGames":740.0},"Leona":{"Win Rate":53.58974358974359,"Pick Rate":7.8,"KDA":3.6167772100708544,"numGames":390.0},"Garen":{"Win Rate":51.14006514657981,"Pick Rate":12.280000000000001,"KDA":3.5780614524231593,"numGames":614.0},"Win Rate":50.0,"Zed":{"Win Rate":46.93877551020408,"Pick Rate":14.7,"KDA":2.6915649660851835,"numGames":735.0},"Blitzcrank":{"Win Rate":54.31131019036955,"Pick Rate":17.86,"KDA":3.7433279346633213,"numGames":893.0},"Rammus":{"Win Rate":51.69491525423729,"Pick Rate":2.36,"KDA":3.1883059169699255,"numGames":118.0},"Caitlyn":{"Win Rate":51.61290322580645,"Pick Rate":10.54,"KDA":3.551529751796244,"numGames":527.0},"Trundle":{"Win Rate":51.2,"Pick Rate":2.5,"KDA":3.2427287157287155,"numGames":125.0},"Jarvan IV":{"Win Rate":41.735537190082646,"Pick Rate":4.84,"KDA":3.2741961092167706,"numGames":242.0},"Master Yi":{"Win Rate":50.5859375,"Pick Rate":20.48,"KDA":2.396254203848868,"numGames":1024.0},"Quinn":{"Win Rate":50.57915057915058,"Pick Rate":5.18,"KDA":2.848953654415838,"numGames":259.0},"Ekko":{"Win Rate":50.29469548133595,"Pick Rate":10.18,"KDA":2.935816852260571,"numGames":509.0},"Swain":{"Win Rate":52.74725274725275,"Pick Rate":5.46,"KDA":3.4781829627434,"numGames":273.0},"Nami":{"Win Rate":49.1701244813278,"Pick Rate":9.64,"KDA":4.0250597765196865,"numGames":482.0},"Taric":{"Win Rate":50.29585798816568,"Pick Rate":3.38,"KDA":3.722181352506797,"numGames":169.0},"Syndra":{"Win Rate":38.73873873873874,"Pick Rate":2.22,"KDA":2.6872954534719242,"numGames":111.0},"Skarner":{"Win Rate":50.70422535211267,"Pick Rate":1.4200000000000002,"KDA":4.005148060077636,"numGames":71.0},"Braum":{"Win Rate":57.80730897009967,"Pick Rate":6.02,"KDA":4.116477504158274,"numGames":301.0},"Veigar":{"Win Rate":44.656488549618324,"Pick Rate":5.24,"KDA":3.2715133681989315,"numGames":262.0},"Xerath":{"Win Rate":47.65625,"Pick Rate":2.56,"KDA":3.681975317625593,"numGames":128.0},"Nautilus":{"Win Rate":49.84615384615385,"Pick Rate":19.5,"KDA":3.265625759138502,"numGames":975.0},"Corki":{"Win Rate":50.0,"Pick Rate":4.12,"KDA":3.6499012314546304,"numGames":206.0},"Ahri":{"Win Rate":52.98651252408478,"Pick Rate":10.38,"KDA":3.7823379066876166,"numGames":519.0},"Rek'Sai":{"Win Rate":45.11278195488722,"Pick Rate":5.319999999999999,"KDA":3.3124254348408493,"numGames":266.0},"Jayce":{"Win Rate":49.71098265895954,"Pick Rate":3.46,"KDA":3.2394571067981475,"numGames":173.0},"Darius":{"Win Rate":52.94117647058824,