{"":{"Jarvan IV":{"Win Rate":0.0,"Pick Rate":16.666666666666664,"KDA":2.933333333333333,"numGames":1.0},"Jax":{"Win Rate":100.0,"Pick Rate":16.666666666666664,"KDA":1.8235294117647058,"numGames":1.0},"Sona":{"Win Rate":100.0,"Pick Rate":16.666666666666664,"KDA":2.923076923076923,"numGames":1.0},"Swain":{"Win Rate":100.0,"Pick Rate":16.666666666666664,"KDA":1.9230769230769231,"numGames":1.0},"Taric":{"Win Rate":0.0,"Pick Rate":16.666666666666664,"KDA":2.3076923076923075,"numGames":1.0},"Singed":{"Win Rate":0.0,"Pick Rate":16.666666666666664,"KDA":1.3636363636363635,"numGames":1.0},"Thresh":{"Win Rate":0.0,"Pick Rate":16.666666666666664,"KDA":2.076923076923077,"numGames":1.0},"Karma":{"Win Rate":0.0,"Pick Rate":16.666666666666664,"KDA":2.6666666666666665,"numGames":1.0},"Ahri":{"Win Rate":100.0,"Pick Rate":16.666666666666664,"KDA":2.6666666666666665,"numGames":1.0},"Darius":{"Win Rate":0.0,"Pick Rate":16.666666666666664,"KDA":2.0833333333333335,"numGames":1.0},"Tryndamere":{"Win Rate":0.0,"Pick Rate":16.666666666666664,"KDA":2.0,"numGames":1.0},"Janna":{"Win Rate":100.0,"Pick Rate":16.666666666666664,"KDA":6.166666666666667,"numGames":1.0},"Sivir":{"Win Rate":50.0,"Pick Rate":33.33333333333333,"KDA":3.8333333333333335,"numGames":2.0},"Elise":{"Win Rate":100.0,"Pick Rate":33.33333333333333,"KDA":1.4640522875816995,"numGames":2.0},"Vayne":{"Win Rate":0.0,"Pick Rate":16.666666666666664,"KDA":2.769230769230769,"numGames":1.0},"Dr. Mundo":{"Win Rate":100.0,"Pick Rate":16.666666666666664,"KDA":4.7,"numGames":1.0},"Graves":{"Win Rate":0.0,"Pick Rate":16.666666666666664,"KDA":1.6428571428571428,"numGames":1.0},"Pick Rate":1000.0,"Shaco":{"Win Rate":0.0,"Pick Rate":16.666666666666664,"KDA":0.8888888888888888,"numGames":1.0},"Renekton":{"Win Rate":100.0,"Pick Rate":16.666666666666664,"KDA":2.6153846153846154,"numGames":1.0},"Katarina":{"Win Rate":0.0,"Pick Rate":16.666666666666664,"KDA":1.75,"numGames":1.0},"Tahm Kench":{"Win Rate":0.0,"Pick Rate":16.666666666666664,"KDA":2.9,"numGames":1.0},"Shyvana":{"Win Rate":0.0,"Pick Rate":16.666666666666664,"KDA":2.8181818181818183,"numGames":1.0},"Fizz":{"Win Rate":0.0,"Pick Rate":16.666666666666664,"KDA":1.4666666666666666,"numGames":1.0},"Xin Zhao":{"Win Rate":100.0,"Pick Rate":16.666666666666664,"KDA":2.727272727272727,"numGames":1.0},"Rengar":{"Win Rate":50.0,"Pick Rate":33.33333333333333,"KDA":2.208791208791209,"numGames":2.0},"Ashe":{"Win Rate":100.0,"Pick Rate":33.33333333333333,"KDA":4.1875,"numGames":2.0},"Pantheon":{"Win Rate":100.0,"Pick Rate":16.666666666666664,"KDA":6.0,"numGames":1.0},"Kalista":{"Win Rate":100.0,"Pick Rate":33.33333333333333,"KDA":2.6022727272727275,"numGames":2.0},"Vi":{"Win Rate":0.0,"Pick Rate":16.666666666666664,"KDA":1.3,"numGames":1.0},"Lee Sin":{"Win Rate":100.0,"Pick Rate":16.666666666666664,"KDA":2.625,"numGames":1.0},"Ezreal":{"Win Rate":0.0,"Pick Rate":33.33333333333333,"KDA":2.9,"numGames":2.0},"Gnar":{"Win Rate":0.0,"Pick Rate":16.666666666666664,"KDA":2.8,"numGames":1.0},"Teemo":{"Win Rate":100.0,"Pick Rate":33.33333333333333,"KDA":1.923076923076923,"numGames":2.0},"Annie":{"Win Rate":0.0,"Pick Rate":16.666666666666664,"KDA":3.5,"numGames":1.0},"Vel'Koz":{"Win Rate":100.0,"Pick Rate":16.666666666666664,"KDA":4.0,"numGames":1.0},"Twisted Fate":{"Win Rate":0.0,"Pick Rate":16.666666666666664,"KDA":1.7857142857142858,"numGames":1.0},"Riven":{"Win Rate":66.66666666666666,"Pick Rate":50.0,"KDA":2.8648989898989896,"numGames":3.0},"Aatrox":{"Win Rate":0.0,"Pick Rate":16.666666666666664,"KDA":3.6666666666666665,"numGames":1.0},"Cho'Gath":{"Win Rate":100.0,"Pick Rate":16.666666666666664,"KDA":6.0,"numGames":1.0},"Miss Fortune":{"Win Rate":50.0,"Pick Rate":33.33333333333333,"KDA":2.1538461538461537,"numGames":2.0},"Viktor":{"Win Rate":100.0,"Pick Rate":16.666666666666664,"KDA":2.0,"numGames":1.0},"Twitch":{"Win Rate":0.0,"Pick Rate":16.666666666666664,"KDA":3.0,"numGames":1.0},"Heimerdinger":{"Win Rate":100.0,"Pick Rate":16.666666666666664,"KDA":4.0,"numGames":1.0},"Lux":{"Win Rate":0.0,"Pick Rate":16.666666666666664,"KDA":8.5,"numGames":1.0},"Alistar":{"Win Rate":50.0,"Pick Rate":33.33333333333333,"KDA":2.7083333333333335,"numGames":2.0},"Nidalee":{"Win Rate":100.0,"Pick Rate":16.666666666666664,"KDA":2.1666666666666665,"numGames":1.0},"Win Rate":50.0,"Zed":{"Win Rate":0.0,"Pick Rate":16.666666666666664,"KDA":1.2666666666666666,"numGames":1.0},"Blitzcrank":{"Win Rate":100.0,"Pick Rate":16.666666666666664,"KDA":2.6666666666666665,"numGames":1.0},"Shen":{"Win Rate":0.0,"Pick Rate":16.666666666666664,"KDA":3.4285714285714284,"numGames":1.0}}}
